mzmed;S1;S2;S3;S4;S5;S6;S7;S8;S9;S10;S11;S12;S13;S14;S15;S16;S17;S18;S19;S20
70;109728,3133;292022,1082;194527,242;74775,60398;257932,3622;43266,63431;174793,5042;226689,6136;128155,1201;42220,91043;230448,0123;212810,817;265319,3788;74879,07029;17096,89166;269354,491;144766,3991;36317,26173;262720,6308;238192,1389
71;109080,2531;79190,78128;252759,8786;73767,81685;83467,25438;156225,8197;47266,27027;132538,27;98236,34213;199480,3168;;148730,206;185513,5868;277505,3134;30700,22512;237436,13;105900,4187;154122,342;288838,8847;279041,474
72;147856,9883;173894,3841;179968,4605;216456,8492;221594,3787;27641,73489;213846,6844;88769,90762;9869,029219;204053,1612;12141,58792;142598,7852;237485,9848;130288,446;;36852,80469;226162,5934;4312,084907;247488,4935;203643,9166
73;169555,5809;66089,01255;261836,6124;262832,6547;132161,0467;276882,4593;247711,5802;269773,246;273709,7694;73456,65738;195380,9192;249502,2496;176009,1341;71476,51799;;63533,14455;280677,4419;234022,9249;70687,61646;264883,2519
74;71721,37494;30398,78526;279457,4139;49967,83149;200025,9654;77279,92819;202055,7279;123717,1548;86983,02059;112942,6125;28799,54026;112236,4965;63711,22346;205740,0326;168920,6897;;39552,30844;185260,7424;100783,6625;298626,6094
75;66265,49098;;162990,2754;194667,1433;45179,00567;39670,95334;245609,306;;215450,0172;61335,17835;116993,7434;632,3554109;190296,1455;119340,3035;147969,9457;124075,1488;;193676,8167;219066,7257;147195,7871
76;269833,2318;128870,0633;282041,9454;63349,88706;280288,0765;21230,28097;268948,8535;100434,887;151831,5981;133837,9413;283672,4819;4929,760579;249592,9472;52716,36994;107663,7883;242870,6934;254685,1677;;197729,7986;128009,725
77;12707,39506;50000,25752;8992,73606;171397,7784;137220,1881;88001,06376;;177358,0262;119427,7591;201242,3484;96977,85224;204611,2345;133850,8254;248133,6094;182780,445;166793,3671;61439,44023;254255,7753;240772,4107;
78;49396,60999;86963,08149;210022,8652;139439,1096;172517,6024;212381,7771;67066,99948;100595,355;53523,4249;255484,8941;117895,6718;124068,9088;19249,03107;277900,0896;99427,9954;86159,1409;18599,98657;83543,81204;271240,3729;
79;45807,35884;28926,89709;50886,04577;223871,9433;53937,9697;158001,2791;38802,10709;77303,73656;18636,07386;231107,9581;271586,9871;183109,6239;129877,4846;137895,6622;203629,0072;179330,305;175913,3608;55976,17878;;105838,5276
80;16065,17307;108625,3374;38458,19983;121282,9865;;202722,2116;229968,8072;52388,82588;186243,2491;164227,2927;292611,7242;278704,0791;;191635,0694;25290,70883;120299,2509;46385,92228;;59123,30854;200432,45
81;185104,884;261883,3157;7483,000035;;240901,4339;263430,1087;32539,64628;35997,45084;6986,756973;190506,5948;194175,1674;1817,881025;26739,45414;;125992,1605;269825,5078;;9582,947256;200258,2278;38131,44997
82;237495,1204;263105,9782;41168,1183;;;212098,9042;17397,75786;157621,1667;142326,7725;171130,2585;230946,6084;32482,18452;98821,58704;;35707,00994;;;187328,9062;169640,9841;148525,2982
83;159156,7866;24572,5075;143681,941;221475,8817;95051,0774;150889,6698;178295,1089;102625,2588;287970,5291;146788,5572;9911,384389;225346,3463;;216217,6276;;43037,89657;147940,851;76532,25288;163871,3397;13717,47955
84;230723,3434;173880,1519;22105,58834;220639,8447;120374,901;98462,32099;282101,8481;235894,9166;194978,3823;74568,8592;181340,4263;253583,7676;60035,55335;;114212,6676;278106,2375;246361,283;188171,7947;150051,0457;180322,6756
85;70348,77515;101494,4416;198943,0352;115823,5731;178014,4296;168679,8473;233571,6185;44216,78311;;228724,9522;33925,40257;158231,1656;252755,1339;;19002,47841;178943,3493;281992,5362;255615,8774;270383,9298;248169,2445
86;47475,06127;183562,5317;262662,5795;5058,328664;151933,8361;100729,7856;;;200710,6036;231178,227;126272,4811;254212,6154;;282559,5977;55058,8107;52802,83197;192584,8631;105220,1538;252608,0374;51055,2397
87;276374,5613;278342,0481;149537,0434;136388,2858;233687,739;218499,0467;69141,21731;94906,50265;93290,33495;276655,0607;79525,99216;205311,8054;37509,99257;61922,85589;211979,3398;114440,0909;163333,2484;285388,3096;214879,2823;11827,16053
88;197428,0182;78835,4238;112819,312;209522,7527;157232,9346;271445,7653;58783,86517;153172,0632;201287,6993;25196,04256;167859,7182;47294,6086;112503,9838;211550,1177;287972,55;250779,094;129044,9613;49440,30787;76972,95199;4523,219205
89;247069,8993;72073,40228;206830,338;273117,3618;279853,2383;441,5229128;16457,43179;237683,7163;52144,33562;141834,4267;171331,7224;121344,2775;198218,5771;111090,8616;235954,7262;273656,1153;207514,3752;190671,9818;194013,0016;168365,2434
90;16777,36524;150433,919;287432,051;243575,147;109468,3267;211291,7129;130518,072;104619,3141;154043,3659;123294,6274;60229,46154;9035,6955;61012,5296;172584,1598;118130,1813;211623,4741;197622,3019;196384,8862;222062,669;297631,5684
91;39260,02759;296514,4321;208842,3678;16242,88449;11620,00647;196717,3384;143682,7756;60189,36649;50456,16543;153583,0126;299081,2687;256120,6519;232000,6189;26863,30366;261237,0019;85850,01616;105722,7765;21382,77228;226947,5279;63005,86874
92;193785,4677;270332,4746;184622,5832;11214,73423;38501,37379;18961,60522;178988,9591;42128,26178;108923,3518;292078,5834;69819,25926;114000,039;15565,43784;213071,1634;152560,9007;37912,52992;;;287489,2749;38878,25705
93;201069,5984;9030,077241;238742,9686;;77867,62136;44400,55483;208110,5378;87244,00957;131870,2623;36831,27643;121299,9921;224618,8299;78360,56959;149273,3616;38286,60422;133939,9235;55633,15772;274921,9519;263933,9965;121081,7761
94;143528,9734;238577,0726;240665,0148;151624,1095;242512,3605;238178,8597;204276,2409;244394,514;267445,042;39597,61154;71605,25567;278783,8096;255976,365;228618,9169;;;274746,945;32431,27234;210255,5602;96331,30656
95;242059,0442;;;291323,5746;104015,7477;198863,8733;90868,82726;31846,21124;202332,2618;132296,8484;124045,1644;204665,4327;153023,1855;296227,7477;108953,3898;186826,632;259599,2051;266248,1644;11450,59606;110296,5155
96;76216,95667;280561,6088;;281831,1013;279932,8909;296903,5616;;244156,0707;9486,813177;269719,388;228243,5755;100541,6424;249002,2729;104391,3031;232323,9586;207605,7416;148467,998;150324,5145;25660,3263;187838,4449
97;20705,10615;271089,962;69411,98994;;;238484,0177;139082,9411;;211850,3778;220707,1891;22156,04944;69838,72034;232924,1746;114309,0586;187301,2423;209583,8842;67916,73793;15658,21028;133727,0927;228222,9554
98;167571,2783;263230,989;219171,1702;19042,15432;;129144,7236;259793,9701;5577,235312;;57204,3594;156397,2827;;177855,2465;95580,73232;185170,5805;187712,8116;27948,93995;;73743,00701;155686,2622
99;292190,8989;42517,01123;111478,1709;157914,8555;;137868,3264;222908,4067;238754,6691;294876,4842;261714,6111;226483,6924;102834,9088;278063,8056;201255,8287;231941,5439;204833,1227;151232,6872;40555,97978;214509,1023;296137,4649
100;197314,4115;200550,6126;77736,81245;104284,878;30017,71747;;103541,8314;108041,4419;182387,6993;182437,9613;83505,33344;48364,828;205094,5878;50167,60723;57647,81638;68939,90895;295338,548;144541,6344;280174,6553;292426,0398
101;11967,20121;163656,3217;43008,11726;135490,3407;44206,9539;272496,6863;239590,6231;34707,38027;24458,21822;266562,1497;269821,6035;206225,1408;62446,29175;179354,9283;213000,6054;295966,5755;255461,468;216534,6997;124177,5765;141530,8473
102;81969,35669;294998,2717;55135,55675;256000,8035;212179,8558;116155,8901;3030,820389;143607,8727;231914,8011;133390,8676;202795,7661;134961,9815;78500,18413;36353,32224;26275,6094;186712,3994;269817,9569;;32050,21756;217281,9523
103;98431,88708;296536,3322;180701,423;25810,07144;282163,8666;174478,7518;134573,3296;85868,89123;222042,1365;140262,732;155996,7635;98010,1528;200316,4929;98518,01935;217380,6515;235382,4762;256140,5371;238590,3824;29404,59053;67385,74973
104;79528,06108;293713,3024;265906,2823;;128557,5474;178340,4054;291329,305;144859,447;79179,0972;84534,36608;;34527,36484;90281,35842;145030,6706;104092,2887;35020,04338;103606,9825;282885,3827;191863,9638;118785,7207
105;21232,61901;;17692,25449;168469,3369;261817,361;98604,23971;296025,914;200723,6902;142367,1277;51457,82006;59282,03188;190532,8347;70180,40867;215585,9443;101359,2531;199376,297;64685,88758;113107,3407;275935,0259;136060,9958
106;65103,22851;29213,24115;22151,66146;199413,665;241614,885;295337,3;216074,3933;28076,63008;30190,79311;25050,13478;144346,9071;195958,4713;77009,33892;208852,1109;;51607,31031;176346,4673;239891,0157;215251,8707;236174,0211
107;247398,822;142901,8322;253739,1876;16900,00796;104531,9969;104608,5745;;98215,6388;205510,5551;33963,53946;168022,4825;72598,10408;224735,6806;6717,637385;195384,4421;203204,9755;74597,9825;173699,551;131318,0015;102204,1188
108;49992,41071;60249,93043;169626,6701;254243,1846;248796,8954;152057,4336;211922,2843;;254974,7094;42935,98492;21975,16743;230262,7492;81525,21943;161262,5302;777,8127105;94175,8776;175693,1265;85630,10355;83052,72291;152684,8821
109;272503,0531;132658,2971;188388,0232;128796,008;199522,6985;230707,8536;243028,8844;122483,0335;;148884,3044;206046,6077;137715,7477;82374,78678;52224,47517;3320,675808;221932,3778;22165,29726;283707,6571;208500,8922;250629,8833
110;294776,1449;68144,24397;267850,8476;44663,39758;;203281,2916;94286,62011;203141,2072;258819,7791;207854,2612;59935,98895;135363,3434;142544,4836;279184,2264;11787,09523;131004,1581;95574,05408;168288,6943;167062,146;89095,7642
111;51023,42925;170405,2737;271175,7926;65739,28215;148976,7352;161290,7346;91154,79123;41691,03217;284711,1568;75119,65472;220543,0895;71258,70636;7785,986925;273099,5523;299350,884;176844,5253;104357,797;173607,8455;80930,09248;171971,4114
112;246337,3325;83146,97127;92790,73076;276517,6871;163686,2643;122495,4074;102752,57;170980,2657;182613,5668;39992,88375;14583,17952;118087,1971;275136,7391;291539,5613;181215,6364;172362,0719;60260,64475;;12548,61427;250104,3558
113;69194,16582;172107,6058;169746,1656;281620,9225;42239,33906;181470,3726;187748,6477;241400,5772;159702,4243;56344,38597;77497,8441;39163,84608;101767,0962;201699,6366;203732,057;246806,8967;89442,83905;34573,84247;138370,1018;273595,7141
114;43259,42504;106777,7345;35166,97246;111159,4898;93962,67839;281315,2756;38092,40598;242144,3548;291930,1727;293437,8071;21141,25372;62660,94655;98768,06893;47938,88861;126060,5093;89582,91046;216777,733;217259,2619;35165,41096;27594,10925
115;112201,6175;61673,93507;4560,804887;134979,6423;109747,4983;205571,3045;17427,89476;139696,7624;25543,5229;298481,1764;16141,41208;294277,9968;276831,9165;;88395,96936;2056,46337;149566,4905;;49933,3888;272173,5421
116;169283,5131;44713,35869;227525,9282;185327,3743;158152,8602;244419,6649;155611,2599;;269643,9954;87213,04519;295019,0781;90807,43347;140901,9926;57964,94599;24113,76573;;162792,6289;144544,303;206315,1095;234264,8165
117;115491,8601;29587,85857;180890,6181;24178,77789;33040,61255;42232,78648;238523,3992;210607,6326;22917,94863;254889,2183;216734,7339;107700,5926;260233,3532;127162,9561;98963,5659;30196,36142;180661,6018;63389,0174;72756,62511;263202,8099
118;259054,0355;171395,8863;21985,94613;78538,92337;17022,79182;203897,4606;165777,8094;171352,5346;161794,8388;272845,6849;134144,4175;72730,75061;165122,5113;16606,08889;8383,832396;7159,052419;227231,0876;283870,3969;151043,104;1527,598296
119;127014,1101;230791,6612;187627,0767;141858,932;204297,8495;;127088,1293;5475,04948;221268,821;;267389,2608;179962,4497;231753,2769;117810,2058;166296,2447;284607,4081;294255,8711;65952,1521;203644,3445;13845,3222
120;228323,5964;189751,3807;18799,98599;53880,54994;3845,033247;215028,3712;172374,8271;102866,3773;101122,4479;167245,0597;290157,8714;148643,4738;289499,3171;138732,2789;282154,9462;12045,28031;81032,71864;82209,1359;88588,14373;24529,33468
121;265002,0573;274552,0715;52332,76383;262319,3963;49851,98777;109101,6922;213450,5838;136447,4564;268437,3216;244882,9952;277442,0212;157853,0661;15048,27556;134010,5105;290250,2905;279149,9129;176948,8921;4384,202037;205526,1892;269940,2065
122;243188,6702;101156,7442;80658,87199;83869,30062;50161,41514;17226,56524;91472,23491;286549,8997;206894,4338;180380,6471;56244,65194;110243,5346;7796,161234;28795,55074;195611,9061;104292,4837;96320,30062;239018,9518;77118,55012;237216,4262
123;245409,7826;63577,00463;51130,54496;151124,9824;78853,42923;246276,1602;217665,642;9572,244209;135887,638;51104,71363;27818,71669;284851,8687;180239,2378;190274,6832;296178,9552;77180,11905;238109,9167;72337,12295;166693,1748;162511,4504
124;219546,5644;171003,1667;263508,55;77440,11356;118621,5794;273586,8717;279105,5587;282014,944;53275,12771;30740,34252;172201,4202;162309,0207;161830,4999;221587,1777;191850,2412;15281,58602;53378,71331;274654,9724;116287,1315;285590,8745
125;223730,2515;21925,41665;55790,25996;;78011,28036;191563,7896;19852,83757;40910,09445;162542,7727;112113,0499;281210,076;201440,9128;225784,0149;120933,8236;74997,67856;1815,610481;177234,1274;193372,0621;287676,9676;184461,4487
126;204039,4259;127727,6267;64714,81749;267792,4753;115718,7252;225606,619;286792,1011;272530,9265;167029,5901;100374,7878;52118,64997;147362,5538;209993,6838;292244,1459;123602,5497;131353,3028;238897,5204;;124489,5546;196251,322
127;144558,086;41574,74827;211991,5574;57319,57663;292443,2815;98425,10137;56628,32671;117749,814;53214,58038;99207,08903;;185953,9717;60554,81784;222428,2608;30170,6105;288369,0806;255090,3252;68144,13654;78849,11447;183447,342
128;164354,5632;90451,63491;43970,4411;183937,8206;228661,77;205143,2099;16065,86233;219411,7483;107379,2254;145125,37;105347,0777;54096,96919;216908,3257;161933,4993;270685,7993;78532,32502;265321,3083;135590,7492;297705,3033;147847,8703
129;97958,94472;39793,40254;214754,2456;175599,2718;165089,9045;234480,9129;298199,9255;;288748,9741;281882,9763;185166,3852;138437,9488;263241,7041;140565,1791;166670,6124;54940,58288;296538,753;196058,1318;196809,6371;51089,09148
130;71271,125;113595,2141;179511,2432;113677,2972;61434,14753;78456,61743;56488,57212;49617,43305;42659,80936;170779,3887;210714,5738;236126,2426;;156597,3512;209377,6627;44538,96595;194831,5642;7913,387034;2800,157822;31445,88097
131;104432,3155;104721,5415;96159,21201;58557,95172;80862,4965;165735,6318;222555,4295;178764,1162;54928,42768;68422,44949;2628,280745;35455,88153;229724,2128;89875,15994;221918,8964;271176,2327;233553,9705;282844,1235;172458,4965;259435,6131
132;14442,15633;129440,5191;219700,4162;130648,5793;260665,315;64879,1121;213242,2404;135398,9171;103387,9803;51372,96532;37531,5867;176044,4917;92670,66684;25081,49227;105721,3693;297934,0179;263722,1901;102159,6716;59154,73277;203777,2422
133;101455,8654;130074,7732;292719,6706;270852,9906;11752,80082;151834,2874;294929,8989;152620,078;212342,2391;213550,0898;119508,7086;115630,6472;237326,6315;204766,7214;130860,3876;25016,72797;220105,5186;51521,18893;61643,06661;235463,5563
134;140498,0069;;191398,7499;212431,8384;220562,9688;;220272,6714;96134,23373;236707,0304;113512,8913;41884,9047;285339,651;231620,7239;4815,459423;251798,1741;80698,13715;89998,28884;258930,0719;92032,41327;31287,0948
135;46162,21102;172020,8534;51185,81317;196693,6051;224232,9643;249144,3445;33481,33012;201127,2129;;277588,8251;103684,4383;282000,0601;268171,9605;95631,53941;42007,97181;240596,7636;148221,9834;76749,99125;82837,39402;220298,4846
136;48941,8561;109940,6979;9851,117323;40984,2629;72211,24048;148720,2369;216868,7596;;;18687,76449;222160,9319;164223,2035;76848,62079;215649,1862;197625,4753;35940,25314;238498,254;199761,4443;148693,3323;287291,89
137;149589,0426;52125,82497;;103338,4517;99284,81633;203940,2645;;;131445,2888;254591,3859;159130,9576;218560,5386;287541,8567;81862,84533;140217,349;164449,9359;294663,5989;76419,56134;154817,767;123362,5939
138;144187,8523;15246,17545;181402,8082;;167423,527;134407,4406;;223433,8934;203976,0795;130888,1439;187702,5265;19327,29806;262690,0982;7691,828433;88972,70393;202096,6072;120142,6917;27150,23209;159273,1662;295520,4231
139;185780,6922;155444,8914;5906,231893;;273613,5506;28119,78835;;172642,7781;167650,602;21372,50477;65826,36975;229960,1373;249628,9963;252903,6403;6766,097081;118460,8871;148461,9937;4912,977367;235793,3305;50165,62968
140;279658,7693;299725,9672;147763,4539;85357,90323;;2292,696916;;146014,0453;140298,5867;114741,8637;105168,1483;91338,78695;93139,2272;25324,70232;28112,55634;214039,1622;294032,9755;294793,6733;93731,94169;240772,4696
141;116006,9954;84057,31695;;206048,8189;41497,50696;283279,331;;1132,708981;260693,6805;232989,2974;167935,5025;269619,234;288432,8887;17817,25309;278487,4545;59199,006;243787,4985;130484,4338;29458,26091;97033,64851
142;63976,2786;228868,7508;2685,013423;123329,1607;280942,6751;;;295544,4774;196434,6679;189685,9871;202777,2774;264825,4332;231963,919;;46169,22387;223652,6362;246818,4497;66298,56583;141166,5445;144329,0574
143;193075,539;139723,854;115516,9577;19649,48431;273551,2813;259151,6385;166352,7398;284013,5255;226243,4382;194101,9978;194714,6787;268354,5013;148822,7033;178224,4285;245085,1009;;132771,1751;29941,16966;24107,43756;158969,6028
144;44974,8692;30805,49132;141460,0737;276513,215;153225,4906;;272220,3669;165328,6733;253406,745;124885,899;205567,0579;240379,3646;251893,6959;210415,9927;144819,6981;297554,1756;;239264,3308;231609,2724;252908,0471
145;172608,6021;;159221,4444;296661,508;53045,16653;140030,1708;;205630,3715;103780,6488;259263,538;67215,99627;267000,8421;28174,57158;285734,3666;57474,31474;199614,2601;235088,3354;28518,23851;132014,0896;189981,9363
146;6542,730946;258165,0642;;106510,716;72313,31396;169228,2269;;;20536,74008;289161,0333;885,6092981;246894,9447;215557,2049;295385,7065;195350,717;30919,9652;148131,2599;211777,4946;43222,24186;250599,8221
147;67354,05814;140242,2947;236800,7639;;205244,9949;159785,7565;218357,498;17948,96303;;100343,3753;136856,2463;214166,858;57030,62276;145542,7469;111372,2159;124496,3928;131541,4663;51045,28914;161268,1788;125293,1429
148;258888,9613;4860,036603;273385,2854;119938,0805;216902,9886;127475,5457;35592,74594;92893,74681;59141,78264;;71426,05099;8286,141084;164233,8777;87799,45152;155223,189;299991,9912;21345,88665;110976,7983;254754,5241;40261,31201
149;245861,7015;238314,5842;74592,45188;40926,55499;281136,0031;270155,0272;32840,88055;161037,8812;206560,2823;;264901,2734;93855,16547;131872,1455;272559,696;73347,3147;168691,0012;155186,6269;113758,0822;146880,3046;141964,6295
150;10745,89802;26832,71927;151321,2798;;36483,16281;235252,6859;17238,11383;285305,1219;164380,6396;231936,8243;245630,3429;99759,54787;201483,4155;1740,89009;118811,5431;299423,5071;44156,86572;234412,3453;62255,5629;33869,42085
151;20539,67023;157670,7282;44185,10622;177755,0881;175742,9908;256091,6066;162234,3047;182755,6366;282885,9861;117075,8794;138262,4126;80600,23034;;123424,662;15545,50088;200444,1906;60355,05602;141271,4222;8442,820598;193326,1413
152;238785,4166;;63309,56972;294441,5796;218284,5321;278376,31;203307,0608;244344,673;294989,0952;258936,0034;293457,1265;9446,093455;162197,4224;;106049,4901;158962,1395;174544,3216;206567,1533;194336,1888;279973,2186
153;224015,67;216345,0313;165955,0957;137620,1509;56352,59381;246465,618;192816,0998;253952,9356;245257,7416;246206,6976;192126,8907;152239,4881;218964,1241;30407,22808;273017,1434;30249,28262;154532,996;139270,6227;133397,3788;249095,4882
154;111812,9254;72324,53203;53963,76794;178408,2056;106621,2673;;97733,37456;124007,826;2856,372952;179692,656;62490,27928;45003,06926;44875,44248;202641,9101;272558,9923;115203,0619;1754,740421;255828,6312;12902,61559;3614,89155
155;295940,6419;228190,3417;282709,8532;178759,5894;40382,90717;;94986,92939;210096,188;59619,6845;143288,0168;216857,5952;101495,3103;269532,2154;272470,5846;24201,99448;126593,5456;;30940,98703;177338,5672;14181,18262
156;250605,1125;123192,3511;205342,369;286735,2382;16698,30126;123550,0114;;76904,31284;116594,9812;123392,485;4142,766474;134391,9672;177497,8863;2871,656499;177749,7252;153835,027;256615,5031;240810,093;52154,32823;75354,35937
157;175739,8466;285962,4384;127727,3017;63896,74357;201167,304;175632,733;72212,54483;163787,2358;53552,21013;41762,40933;200186,5542;278338,6228;243517,1367;76455,03066;22848,24114;251258,7254;293665,9114;251147,3584;58578,87887;289672,9068
158;235255,745;114075,1185;81679,70424;1468,044815;254816,8568;10450,95491;54378,47062;130013,1199;;17091,23315;181783,3509;15203,5543;204701,2779;68086,27672;166029,4608;225129,113;178820,5038;171744,7598;163505,4253;201763,9301
159;163452,5622;231032,5289;9703,698806;163349,9551;88578,90366;27919,77943;54661,46547;60233,23553;71211,85003;136263,0149;136984,6683;124737,9268;76731,24133;100901,6515;26555,75247;51602,93733;23471,40467;223395,6866;96719,68293;130031,2304
160;269439,5377;4440,352178;220957,4578;164277,0357;197096,6504;17212,11077;298786,7206;220654,2043;292526,1641;119930,7222;148984,1876;230926,62;194103,3378;99186,71932;166758,0781;196654,0658;111836,823;40576,31574;;233673,4849
161;237121,0025;207384,4442;114807,3922;284230,9628;138878,2114;254423,3023;292773,0778;149767,5851;213265,0035;92815,43898;106040,3449;60253,63853;15003,64584;145239,9051;43268,99047;284659,6192;32295,31285;61421,853;83593,35933;151490,325
162;33673,94503;175720,7179;236939,8407;229651,8709;187449,6709;248911,4772;211243,1692;265617,4884;17415,1784;136896,9486;227299,8657;2993,897987;226332,2954;292544,0147;58993,29598;197813,9153;35995,21608;148031,1687;241114,2068;
163;155871,551;12816,40796;210302,8225;168443,6051;205405,6092;41603,60032;115506,4052;240791,7666;205377,5713;197294,6959;244246,64;27687,76214;144541,8726;143101,0526;70282,55552;1264,61653;34897,58497;219154,1365;;274727,5868
164;90017,93587;49275,01278;268957,3871;52467,94993;112331,4653;241382,1584;164646,9547;129897,1123;182389,6567;292464,7888;294319,1288;117309,3315;244431,6891;34226,60063;153954,483;99118,74799;149351,2611;151,8078405;;145428,6507
165;255473,1073;104222,5583;155516,3266;65939,31764;211505,6126;140397,9344;267375,0126;190704,712;145312,4158;40391,60591;38029,51223;219429,5827;151166,1833;82063,8246;85832,60519;296493,4729;294444,6061;;200974,8092;230683,5691
166;166148,9564;288121,045;225978,5199;74732,31865;138207,1896;104236,6941;201061,5577;273651,6196;751,5229338;92957,23737;233373,7147;268077,2134;208550,2617;174916,9454;73991,95976;106388,5436;;229557,6679;278746,2822;292223,9574
167;221077,2026;49015,86698;258419,5377;85812,1294;131371,2029;209998,6096;82334,28247;226966,0409;118875,8588;162074,1913;71254,57179;110539,3609;251917,1403;67544,6647;54212,04963;;67362,87022;117578,0094;212912,8239;13565,59097
168;130028,3371;26150,96514;67961,22647;110328,4317;271851,6921;201282,2643;253320,6532;129773,0447;50041,23944;123715,1422;26903,23775;202733,0118;153140,0034;168971,5396;;31223,1591;23518,4314;18475,60098;210437,1565;266901,7594
169;243197,6628;38809,06408;217777,947;178079,1697;68755,86878;197474,3871;15570,74926;81358,50883;8336,231835;79632,18497;59160,29289;189854,0268;65284,61752;;277419,1597;51043,65761;35925,07295;222174,0006;52392,04526;95489,74627
170;26049,14488;52875,88869;71705,6583;66321,88393;243435,6515;283563,7302;263649,8818;19192,89904;256139,6988;256423,5061;184111,6102;;188900,3714;177860,3265;131911,3327;270586,8883;250476,0486;189863,1003;72348,9942;23524,50143
171;9699,338582;94210,30376;263346,4889;227050,0876;261521,2163;217826,4628;193291,3979;45914,39497;52655,34991;84855,2147;7909,914078;;110805,92;219666,064;98765,08084;250942,9558;218260,9207;190079,7151;193872,5588;177964,9645
172;243174,912;242345,7258;274090,4466;260429,7408;196440,682;87797,81809;108703,748;149468,66;44751,88651;;44010,90491;259554,7761;32594,93283;293011,1579;191520,7847;209832,8238;160917,3827;61105,61145;145009,5702;14689,73281
173;114478,3471;64442,32318;33718,88573;167794,3147;272547,3137;93252,05623;276879,5938;133966,5067;;44728,32881;232353,1428;152083,4028;65350,04523;170914,9901;204956,4643;92210,77896;118662,1196;145727,0503;43023,38618;184804,9241
174;289630,9392;109684,8863;82928,9125;162658,7271;151150,703;44135,21031;231666,4396;;115475,8806;11889,04303;290349,5682;147171,7442;204513,5819;291375,6485;129927,6382;51363,84293;182804,8455;173178,3531;64512,15436;40597,8326
175;284932,2967;222308,7844;251678,5183;238937,9028;129934,0684;291852,4595;;287021,6966;285312,8713;12479,90647;115465,2565;27306,15082;140555,4136;192763,2062;8133,301484;228381,8472;70598,16563;187435,6032;31199,62867;241149,99
176;203640,8898;41922,62207;222656,4584;12140,25601;222279,3468;;252178,4405;25597,66748;243861,1676;253905,6249;147250,7919;76944,10978;134317,7942;146715,8073;264759,0304;206401,6062;200383,454;72912,36047;195885,4708;191175,8902
177;106994,7345;204388,0559;236058,3883;204845,7379;;245342,3868;270437,3591;5245,880439;36552,65621;250098,8303;2205,413012;164958,2485;256992,5706;5046,828723;196569,9735;282382,3705;254515,4286;200549,2239;282151,8016;129710,3281
178;297362,2008;145629,0739;72222,03478;;202173,9513;13680,12335;173070,5054;97507,74245;32750,65273;155962,7863;230856,2028;221508,2304;168205,0118;121135,9511;8565,418991;272276,2824;110869,8024;43746,2385;101154,3367;200880,9544
179;132769,3378;178937,675;;179257,6592;271657,2658;93301,30393;96014,78986;162703,8995;34638,2379;208631,1374;37758,70771;200755,2639;77232,76451;293132,8677;46730,77782;91031,62394;14633,36794;21045,80846;18962,76414;259098,8568
180;196889,0023;242902,3969;11562,66567;296621,7581;157520,1918;64478,1841;88202,84896;110026,6326;90183,71994;286224,182;214802,8711;74835,75525;265268,0692;257088,9889;280379,4636;206429,9458;183430,2241;267916,086;214634,2515;141568,5543
181;;38755,85745;266553,6984;249488,6955;211868,723;147469,5158;4726,399701;147703,6317;264547,5223;79451,8683;157826,6236;90092,55505;37165,74351;281703,8133;46785,5777;145595,4343;156009,6285;214074,2046;69800,50475;153521,4354
182;113802,8516;;260167,3231;152899,4979;86073,43626;59570,44463;80586,33117;66720,1594;177107,6438;29417,86096;115732,0867;143437,4876;78516,79095;73135,41409;21413,70259;181911,0976;16326,66242;187021,1505;232582,1499;184689,4046
183;85099,18861;264991,8363;;121459,1393;117930,9498;298962,8852;9905,948227;278846,842;199458,9678;160475,8329;286432,6415;155333,8398;176744,6666;271992,8602;197858,0508;221924,9207;142167,2097;103745,1609;45952,91294;223656,7519
184;192535,4847;222749,2071;176194,6621;;63326,83669;205376,1233;246495,7334;298127,8836;77457,37374;240375,1889;41491,09941;188033,9003;285082,0942;73815,07924;156705,2208;152712,2128;162172,136;1112,675472;122799,7645;2153,954556
185;254325,1233;278739,6541;138396,1246;183997,3005;;211514,8406;288780,4495;178900,7772;90400,70611;129036,509;271963,0059;277232,152;110744,8497;129591,9714;90790,68707;297876,2905;8450,365769;184303,1525;248488,8982;256225,5989
186;9946,106774;260546,6994;70810,62827;222808,3264;183704,409;;222196,6977;291617,5255;253863,001;25973,50099;108030,2172;196956,9822;34715,49357;221705,5263;111859,6654;187792,5468;164846,2178;90815,53177;23025,25647;15134,38703
187;256186,0101;76991,85607;254181,9789;162404,296;211751,3963;70844,01361;;144357,4181;1072,12437;121824,3981;281886,6299;242514,685;187287,5625;88792,23919;58335,01601;130303,1348;150507,6832;272720,036;225562,6731;295141,904
188;246511,2856;104318,3023;177343,5113;285761,397;220921,4694;17183,75075;286614,7683;;289845,5336;141253,754;287635,6048;47743,78077;15644,16504;143464,3745;226320,1866;25222,00974;155198,8683;51443,93157;155972,5892;162055,5409
189;155268,0341;193701,2449;189130,9389;238540,9705;38590,73273;283576,9172;39839,22007;26700,02716;;97407,03187;197276,8453;211370,1783;261256,211;42940,91886;248022,5555;119799,5524;55362,64155;166120,4365;198261,1727;292434,0357
190;242344,7853;20813,43791;190022,5393;15413,80719;37695,06849;275081,7404;243452,0862;40084,76975;93200,59526;;139609,6275;291672,1696;203961,555;274002,2249;267544,2713;57262,26436;245135,4688;128014,6117;282635,9949;112847,2195
191;255078,9084;113278,1644;57813,88906;117914,5015;192149,3881;136875,2156;142149,067;284147,6981;199668,6133;245460,464;;281688,9273;80623,86479;200899,6816;251370,7876;247079,2317;211797,688;189686,297;131817,8738;108454,381
192;192552,1408;240127,7403;18672,55226;192736,0695;46622,61823;15832,28204;26924,0629;49304,12577;124670,0113;115014,7631;244854,6513;;113334,0821;171249,7234;178084,011;197974,4546;285143,7605;29171,87672;295445,3673;33707,90183
193;33376,42536;93013,85815;151035,9922;75335,56807;223801,9235;68729,55562;178899,4411;164957,9236;164356,1313;221894,9824;52829,47227;190403,2015;;225595,6926;116728,1672;1300,452167;149255,6888;199334,9661;110938,1636;196749,4725
194;178299,3204;288534,5836;292386,5947;50412,02732;227345,6234;2685,40872;272342,9239;41214,50405;234191,2557;69943,22335;121277,8019;216419,2511;148988,9515;37275,52805;137783,0488;189522,9434;46038,92461;121153,5288;59875,28041;155348,0432
195;85448,98357;275645,1766;78381,33756;40886,41521;255510,1186;10269,76615;168170,4256;40945,60506;221223,6499;232051,0081;61349,51261;296465,2168;49684,31264;266261,0347;172579,1681;97838,32015;249833,8527;75084,6418;1287,568827;160180,6545
196;232306,9428;219345,9255;264582,475;275339,6485;289554,3459;180814,4243;23828,23931;133031,9741;175660,5726;118483,4423;229978,8714;298454,5019;299878,167;243278,0576;163463,0602;105516,0408;185636,0096;146342,0193;245363,4964;196716,1007
197;7076,029129;111475,7874;258349,5461;297440,0539;167145,7769;18425,51731;110540,3873;31208,89725;254465,6835;104223,4128;27050,40236;245342,9121;28996,4932;133739,4543;211386,836;170695,4677;206817,7276;139776,6912;259654,0077;265931,845
198;76177,46723;125326,8957;57175,22106;240095,2358;251287,6981;201110,6137;220936,7539;151239,2958;14447,76118;79951,72501;164237,7988;272837,4591;237517,6813;239648,9198;93956,88594;11984,30063;36457,05503;41477,84109;154960,877;232898,3175
199;172168,0936;98732,95984;278102,6949;40270,20445;10914,06992;38546,67364;140666,8213;296822,017;216687,0441;139505,7053;217317,4307;208786,2772;;137151,005;193040,1496;211835,1584;41224,49485;31045,24255;179891,0821;27223,50873
200;125590,8955;113233,0108;162829,374;210185,3788;251858,8486;277205,4116;222003,0836;103087,803;157855,4923;263253,9024;76325,33236;150535,0717;239332,4247;184234,0677;134360,8818;252426,0805;183597,8139;30371,63242;134845,4584;75302,51243
201;189931,8696;46655,59783;118041,0002;245298,7227;;289776,9494;296607,2468;175693,0793;254583,7619;298391,6598;39796,8391;246783,0221;202939,8287;290587,7789;192112,8051;70801,28103;104617,7263;69340,16717;39425,8461;202393,1348
202;272691,2875;70321,05871;207532,3918;106571,1065;166846,3847;80854,43143;44972,48945;114810,6662;54624,52245;;48672,78578;111841,0338;48280,59524;223089,24;166253,3818;;123187,7523;195300,9534;148860,9126;140626,6071
203;286084,1166;214672,4115;;265251,0037;3904,945025;284249,1047;141301,4214;235089,9277;279765,254;105445,6715;7377,990122;287680,1303;220064,5521;182300,4191;56485,94128;194045,6281;236072,5514;184545,3778;279844,1599;101949,0787
204;292289,1778;;206982,655;277236,4202;209381,6276;171672,6969;171644,7154;80150,62358;141554,742;232417,3366;166914,9686;77117,94996;236052,0048;37105,04449;62728,84845;264958,162;289677,2318;222206,7784;270579,9038;186006,184
205;116870,3579;141167,9894;299550,8008;169185,281;64358,87823;;;286907,6432;68088,63394;226459,3005;69980,26279;97875,56706;254088,4466;214891,9998;176391,841;201604,868;242064,3076;226773,2634;19122,43917;135073,7199
206;163244,7475;158241,9382;186183,6456;156429,9557;77308,3481;200428,6634;226952,3874;57610,55995;110516,8927;10263,47766;271801,1951;175499,4001;70065,54354;226734,1872;;64724,05007;136756,0469;271986,3504;37091,8575;98666,4823
207;218348,2343;56029,87317;37829,6138;177115,6702;117507,4768;216733,0502;88351,89441;268584,9781;227610,3006;189253,3656;86460,8495;33821,94921;45832,87304;156499,4573;144883,0269;133555,3152;248329,3505;118741,8614;172108,0341;262284,5464
208;77143,03844;97294,21807;12972,81355;214805,5819;125921,975;92137,43247;176472,9136;171174,7546;113885,8175;259549,5115;241804,166;214708,9146;18372,4042;224822,257;140903,9692;115852,2229;83809,99878;279080,9577;68231,99499;255190,9916
209;129528,3345;8337,45287;279316,6002;117182,0679;54364,57933;173700,3007;262471,1041;124280,9866;63954,87582;184866,0509;157707,9;202011,4143;69747,56773;74375,56625;186756,6576;257056,931;66223,38084;266332,2657;46028,90752;
210;187024,5792;;128732,6701;95712,61197;189957,3189;279507,1848;121619,9241;103471,8437;171778,2905;265106,0908;289602,5313;;198613,1274;;116111,7048;228592,7699;177247,5414;167391,4882;220040,5019;288965,4481
211;161988,2412;148690,1411;;129399,3345;47496,69946;49732,59898;249398,181;161845,9836;195593,6215;286073,3243;57182,17933;165853,362;178489,4773;131906,7437;207040,9984;48906,84108;71805,49265;191490,0812;;35213,67861
212;177887,4899;189596,8337;204827,538;;196001,5042;68313,2371;188560,2734;118497,1827;34774,42421;31047,75071;52727,64627;60041,85494;26279,76486;218721,2763;68753,96082;213807,5531;293756,222;;106836,3464;101268,2888
213;257373,8669;255307,9761;298531,6993;28619,24254;292098,8876;;239109,6546;125373,6272;259241,4903;145495,4999;86218,65829;70024,80427;253121,5326;;120580,7547;66552,96236;174606,8224;;229693,9689;258462,5702
214;277248,8362;242057,452;209087,7284;254991,6807;72524,32354;169740,2018;282130,7671;287981,1426;137310,7676;221242,1961;92018,87488;89876,02078;288316,7927;76572,05558;149314,565;229166,7002;185711,5183;164602,998;220544,5611;96894,26908
215;100027,1679;144750,6943;63247,48196;231433,091;55647,1586;291338,8371;33867,40396;20675,11912;136706,9281;94433,40157;80142,26509;220018,1739;70323,3855;191447,9346;80580,23089;256861,4165;153195,7752;59870,29217;37161,99743;122068,3533
216;208883,7813;158921,2698;108169,9015;258513,5926;178122,8137;50791,45711;205523,3906;266220,4316;272681,7953;258721,8605;182116,5893;62152,92112;181246,3433;61258,31247;233584,9132;131742,5617;232164,0911;243549,9659;52456,3428;277808,8806
217;148687,7888;254656,067;134100,2646;16598,54446;135342,866;295458,137;112935,9329;67246,09525;103448,804;258003,0767;60049,31047;93438,99299;82330,32832;21201,29473;122972,3082;48085,05059;109210,8039;181896,8028;87831,23892;235174,8157
218;185739,3448;155690,6017;246040,357;252274,9335;25592,80237;23502,28765;240476,0103;110530,8523;137351,7779;197177,3124;13738,82969;98265,75122;53106,05575;246878,7484;245352,5406;184562,5969;245938,0879;129279,7747;187338,1818;189785,0681